cores,mpi_ranks,omp_threads,time,speedup,efficiency
1,1,1,1.932868,1.0,1.0
2,2,1,1.686261,1.1462448577058948,0.5731224288529474
4,2,2,2.055699,0.9402485480607812,0.2350621370151953
8,4,2,1.998046,0.967379129409433,0.12092239117617913
16,4,4,2.91377,0.6633564076780254,0.04145977547987659
