cores,time,speedup,efficiency
1,1.865169,1.0,1.0
2,1.797636,1.0375676722095017,0.5187838361047509
4,1.696307,1.0995468391040066,0.27488670977600166
