cores,time,speedup,efficiency
1,10.091692,1.0,1.0
2,6.440463,1.5669202664466824,0.7834601332233412
4,3.372177,2.9926341351595718,0.7481585337898929
8,2.637675,3.8259800771512786,0.47824750964390983
16,2.579495,3.9122743017528623,0.2445171438595539
